date	comment	ID	subreddit	superID
2023-08-19	New Hampshire is meaningless at any point. The whole reason the Democrats are moving to cut Iowa and New Hampshire out of going first is that they don't really represent the country as a whole.  It has a tiny delegate count and most Republican primaries are winner take all. Meaning second place can net you literally nothing.	111571	r/PoliticalDiscussion	377706
2023-09-23	Hahahha	117546	r/CasualConversation	113625
2023-10-30	If I have learned one thing in my life, it is that Iâ€™m not nearly as funny as I think I am. Especially at the workplace I have to hold back all the time. But it also depends where you work. Rule of thumb, no swearing, no badmouthing coworkers or bosses, ever. We probably all learned a few life lessons the hard way.	204430	r/CasualConversation	197397
2023-08-20	Yes I hear what you're saying. ðŸ’ª	33808	r/CasualConversation	32700
2023-10-26	Thank you so much!!	196861	r/CasualConversation	190121
2023-11-15	Thanks. I'm lucky in that my boss is great, and I'm pretty sure he'll understand.	243061	r/CasualConversation	234855
2023-11-27	Echoes my irl experiences too. I'm trying to make the transition from mining construction/engineering to idk SOMETHING else?? But yeah even in the mechanical realm, countless times where I used the knowledge I gained elsewhere to solve an issue. And usually wished I paid more attention lol!  Thanks dude good to have some help!!	270373	r/CasualConversation	261203
2023-11-17	seems like I've always had problems making friends with other girls. it may be my resting bitch face but I swear I'm not mean lol. I'm also not an ass-kisser, as many girls try to do subliminal 'tests' to see if you're a 'real' friend by throwing you into potential drama. not my thing.  in middle and high school it seemed like people who had their own clique wouldn't even want to be friends with anyone outside that group, until they got into an argument/fight. It can be lonely not having friends, but as I got older I realized I didn't really need them, as my family and loved ones are who matters and that the people who are meant to be in my life will be and nothing will be forced.  don't feel ashamed or have any negative feelings about the rumors made up about you OP, I'm sure the girls you may have had in mind while writing your post are the same ones that started the rumors about your reputation bc they're jealous you're friends with guys they couldn't get.	248487	r/CasualConversation	240076
2023-10-17	Letting Hamas exist won't result in less terrorists.  They are brain washing people into hatred of Jewish people.	15999	r/PoliticalDiscussion	295041
2023-11-06	I was pointing out your false equivalency in implying that people are saying Netanyahu was from London.	90975	r/PoliticalDiscussion	360039
2023-11-29	Give it a shot and see how it goes, tbh. Iâ€™ve found itâ€™s just disappointing - youâ€™re not even surprised, itâ€™s a replay of the same failures. Itâ€™s the kind of thing a person has to learn on their own hide, until then itâ€™s hard to understand.	275519	r/CasualConversation	266150
2023-08-07	Introvert all the way	1359	r/CasualConversation	1312
2023-10-26	Just curious at that phase what defination gives the meaning to life?	196476	r/CasualConversation	189736
2023-11-05	Thanks â˜ºï¸	218875	r/CasualConversation	211399
2023-11-19	Way back in time.. when Reddit was the Wild West of social media, there was a community called r/spacedicks  Itâ€™s the sole reason r/eyebleach exists today.	251913	r/CasualConversation	243369
2023-10-11	RadioLab just released a really fun episode on time perceptionâ€”you might like [itâ€™s called The Secret to a Long Life and it pairs really well to The Little Princeâ€™s song â€œEquationâ€ feat. Camile](https://spotify.link/9ar3upERODb)	161702	r/CasualConversation	156316
2023-09-08	> Non Jewish citizens of Israel have equal rights maybe on paper, not in fact	164984	r/PoliticalDiscussion	423195
2023-08-30	Amelie and Interstate 60	51692	r/CasualConversation	49745
2023-09-24	I had a dog growing up who looked like a black fox.  He wasnâ€™t much of a cuddler, but he did mellow as he aged.  He was crazy fast snagging treats and we had worked out a system where heâ€™d sit by me for dinner and heâ€™d eat all the stuff I didnâ€™t like (up to and including Brussels Sprouts).  One day we got busted and he was banned from the dining room.  He would wind up our big dumb lab cross and when my parents went to go see what the ruckus was heâ€™d zip in for dinner bits.  It was a heck of a system!   Of course he also ate my crayons once but the rainbow colored poo in the yard was kind of artistic looking.	120202	r/CasualConversation	116171
2023-09-01	I think this is highly dangerous to the case against Trump, to all of them. Donald Trump has the constitutional right to a trial by an impartial jury. The only way a bench trial can happen is if Trump were to agree to give up that right in writing, and if the state and court agreed. So maybe 30-35% of the voting age population in the USA politically supports Trump, many of those to an extremely high degree, as some Trump supporters are quite blind in their devotion, as are many supporters of other politicians.  So, what happens when the jury is hung because they have at minimum two or three of his supporters seated? They do it again with a new jury, and they have the same problem, as a criminal case requires a unanimous verdict, as as you cannot exclude jurors based on how they voted effectively. Sure the prosecution could choose to use their exclusions on Trump voters based on social media, and the defense could exclude the most ardent democrat voters, but there are only so many exclusions. The defend and prosecution cannot eliminate them all in a trial for the most politically polarizing figure I have ever seen. So in reliably democrat Fulton County Trump won 26% of the vote, meaning it will be difficult to exclude all of his supporters, and could he said to not be an impartial jury if it is composed of all Biden voters.  Now there are people who can say they didnâ€™t vote, and some who donâ€™t have social media to check, but who hasnâ€™t seen anything on this case? And the jury pool cannot contain people who have seen prejudicial information, which perhaps could be said for the first jury seated, but with Donald Trump who can be sure of that? In Fulton County Trump could make the case of not getting an impartial jury, and a hung jury is as likely with Trump as I think any jury decision in the country. And that is for the first Jury, if it is hung they have to seat a new one and try again, with jurors who were able to live stream the first trial, and who have seen prejudicial information. And then there are all of the other cases, now which will have juries who have also been able to livestream prejudicial information. We might already be headed to a series of hung juries and mistrials, but now we may be headed to the inability to seat an impartial jury.	130514	r/PoliticalDiscussion	393795
2023-09-26	It's funny you say that because I was actually thinking of doing black nail polish too! Haha Gotta find out where I can get good quality nail polish though.	126838	r/CasualConversation	122631
2023-10-12	The main difference here is the response after the attack. 9/11 was a single attack that instantly wiped thousands and the response teams were pretty quick to the scene once it happened. In Israel, for many it was a whole day of being butchered and being lost with no one picking the phone on the other side. The government was nowhere to be found. The government isn't only responsible for letting the attack happen, it's responsible for letting it continue which is way worse. The other major difference is the climate in Israel leading up to it. The Israeli government was deeply unpopular even before this, and if there were elections they would've likely been replaced. Think about it, there have been 40 straight weeks of protests against the government there with military reservists signing petitions of their plans to resign from duty. It was a struggle that tore the country in two quite literally and definitely contributed to what happened here.  (Not to mention creating a huge rift with the US, which given happy Israelis are now with Biden is a huge no-no).    So when you take all that in, I can't see Netanyahu sailing through this even if he does a superb job here, he will never win over the other side which is almost half the country. He can only manage to quell the rage in his base and hang on the seat, but thus risking an actual civil war developing internally. So I think the natural end here would be Netanyahu and his government stepping down under the promise this whole fiasco be swept under the rug and a bonus treat for Netanyahu is sweeping his criminal case under the rug as well. All under the desire to move past it all and bring unity to the country.	4419	r/PoliticalDiscussion	284902
2023-11-21	 ðŸ˜­ðŸ˜­ðŸ˜­ðŸ«¶ðŸ¼	254253	r/CasualConversation	245593
2023-10-03	All Trump every did was make excuses. Have you ever watched a full Trump press conference, or any of his rallies, or any of his ramblings on Truth Social? What about his promise to build a wall and have Mexico pay for it. Did it happen? What happened to his promise to repeal Obamacare? Did that happen? And donâ€™t give me the cop out answer that the elites stopped him. He had a Republican majority in the House and Senate in his first 2 years as President.  The problem with you Trump supporters is that you claim that he will fix all the problems without explaining what he will actually do other then â€œOwn the libs,â€ whatever that means. You also weirdly ignore all the promises he had broken when he was President.	38561	r/PoliticalDiscussion	314500
2023-08-09	I literally just read about 2 new laws effective 7/1/2023 that impact schools. Governors office and State Board of Education rolled out this week.  A. There is a special form in case your child wants to go by a name other than their legal birth certificate name. Example you are named Jennifer but often are called Jen. You would need this form filled out. So not just for trans children for all children who want another name used.  B. Shakespeare is too heavy on sexual context. So no class can read an entire book (this is in reference to high school students). So instead can use excerpts only. So teachers are working to revise that material to match new Florida standards.  C. Other items being removed so children have more time to study for new end of year classic online tests.  D Being give ok to study Nazi videoâ€™s regarding opposition to climate change.	129333	r/PoliticalDiscussion	392805
2023-08-08	I have never heard of bridesmaids paying for the vail and I used to work in weddings.. this is absolutely taking it too far with your wedding party. I donâ€™t really know what to tell you.. is this really even a person you care to continue being friends with?	3021	r/CasualConversation	2898
2023-11-07	It's worth it, keep at it!	223369	r/CasualConversation	215738
2023-10-21	I'm curious if this happened on Reddit or IRL. The question is a bit loaded, but in my view making a fair point. 1. If Gaza is in need of resources and giving them resources would be the morally right thing, why is Hamas using things like water pipes for rockets? It seems that as long as Gaza is under Hamas control, life cannot get better for Palestinians because the aid that can be sent has to be severely restricted. 2. It's pretty clear that some of the resources used in the attack on Israel came from outside of Gaza and were smuggled in. What does it say about the state of Gaza's leadership that people are smuggling weapons that will absolutely make life worse for the average Palestinian in Gaza? My simple take is that the civilians of Gaza are between a rock and a hard place. Hamas benefits from the suffering of those civilians, and Israel doesn't care enough about them to call off strikes on Hamas that may incur collateral damage (which is artificially inflated due to Hamas' use of civilian structures and civilian gathering points as firing points). With all this said, I lean towards support or tolerance of Israel's attack on Palestine, because Israel could potentially shift their treatment of the Palestinian zones through social and democratic change, but Hamas will never improve life for Palestinians and won't relinquish their power without force.	23374	r/PoliticalDiscussion	301387
2023-10-22	going to the arcades, going to friend place and play split screen games	188435	r/CasualConversation	182026
2023-09-25	hahaha thanks. we will see. the last thing I would want to do is make anything awkward or uncomfortable, and I honestly admire his lifestyle/work outside of the silly crush so I wouldn't want to lose that connection either.	125533	r/CasualConversation	121363
2023-10-02	I'm Gen Y. Apparently lazy, unfocused, rude, even more lazy and generally the worst generation that ever existed in the history of human existence.  Well fuck that. I'm in my 30's now, have a Master's Degree, and currently work as a leading project manager, have no debts and am just doing my thing. It's actually a rather chill life currently.  I also admire the post-millennial generation for their drive. I hope they can finish what we tried to start and make the world a bit more open and better for everyone. They are on the right path.	140249	r/CasualConversation	135595
2023-08-16	I decided that i will uglify myself and focus on my studies	20778	r/CasualConversation	20024
2023-10-07	I'm not sure you're arguing what you think you are. I mean you give two possibilities: Receipts go down, spending goes up, debt goes up.  Receipts stay the same, spending goes up, debt goes up. Our lived reality is the first. You're arguing for the second.  For your argument to work you'd have to argue that we get something, as a society, out of low tax rates but that's difficult. Almost all of the wealth from reduced rates have fueled elite consumption, i.e., it's essentially just wasted output. So you really should be arguing for the unsaid option, higher taxes and reduced mandatory spending. I.e., optimal is, Receipts stay the same, spending goes up slightly less, debt goes down. >If we can get discretionary spending under control without gutting those programs then we should be able to accomplish the same with mandatory spending. The social spending programs I'm aware of that fall in discretionary spending have in fact been gutted. So I can't really see the antecedent being true. (Like you just can't make unemployment insurance more efficient to lower costs you have to just cut people off of the service.) >Yet we wonâ€™t even try to touch it beyond adding more programs to accelerate spending. I mean Medicare and Social Security are called the third rail for a reason right. You touch it and you die. More to the point, there have been multiple attempts to control costs they've just all failed because lobbyists.	47592	r/PoliticalDiscussion	322295
2023-09-21	It was a package with my development, part of it was covered by my HOA dues at the time so the rate was discounted. I honestly don't remember how much. I do recall it was a five-session package, one 1-hour session per week and I went back two other days each week on my own.	113753	r/CasualConversation	109954
2023-10-05	Yes but toxic people were outnumbered.. i wish more people would follow this quote of Sadh-guru.. instead of taking advantage, if they r inclusive and kind, workplaces would be so enjoyable	147855	r/CasualConversation	142925
2023-08-31	The latter lol My point was that no matter how ""okay"" we may think the past couple of years were, half the country either thinks everything is going to shit and believe all the fearmongering on the right or they know it's all a load of crap but are still okay with it as long as it means a Republican - *any* Republican - wins the election next year.	125776	r/PoliticalDiscussion	389778
2023-10-07	Oh, cool im a programmer and musician myself! Sounds like a nice existential experience!	151668	r/CasualConversation	146571
2023-10-15	Everybody needs to understand something.  1) Palestine and the  people is no such thing, they never existed. Gaza region belonged to EGYPT however when they went to war with Israel and lost big time, Ireal got GAZA. However Israel listened to the US and gave Gaza back in an attempt to make Peace with Egypt. The Egyptians gave it to the people there. Now people are going to say how about 5 century where the Herodotus called that region palestine, Fine that is True, No argument from me there. Now you will say See you are wrong palestine existed. Now I counter yes that may be true, ""palestine"" may have existed but not the people. In fact Islam did not come about till the 7 century so there would have been no Palestinian islamist that called that region home. I would also like to counter In the early 2nd century CE, the term ""Syria Palaestina"" (literally, ""Palestinian Syria"" was given to the Roman province of Judaea either before or after the suppression of the Bar Kokhba revolt in 135. That whole region was techniqly called Judaean-samaria  2) The people elected Hamas into power  3) Israel tried for peace, they really did, However Arafat and Hamas both said that they deny the existence of a jewish state.  4) Hamas uses hospitals, and uses it's own people as shields in order to protect themselves from attack.	10753	r/PoliticalDiscussion	290420
2023-09-17	When passengers do this, flight attendants sometimes handle it by calling the cockpit to have the pilot do a brake check during taxiing.	103063	r/CasualConversation	99550
2023-08-18	Doesn't it depend on the story line? Sure, you could watch some 1950's shows where women weren't obviously pregnant and then ""the stork comes"" and automatically there is a toddler.  Birth is a thing that happens, if you are squeamish, look away or check the plot summary before you watch anything.	26808	r/CasualConversation	25907
2023-09-29	hahahahahah I literally said give me things he has done that hasnt been gifts to corporations, and you give me either 1) him giving money to corporations 2) stuff that affects like 10 people 3) you actually tried to pass off him failing to eliminate bums' student debt as a positive. God the level of cope.... wonderful!!! Thanks for reinforcing my point, it really helps when dogmatic people make it easy	156500	r/PoliticalDiscussion	415897
2023-11-22	If not having had â€œtoo muchâ€ sex is something that makes a good partner to them, then yes, they are slut shaming. Theyâ€™re just doing it subtly and subconsciously.	257968	r/CasualConversation	249163
2023-10-30	A1 steak sauce on breaded fried okra. I had a friend many years ago who recommended it. I think it's... kind of nice, interesting. My sister thinks it's weird. Once I made salads (only vegetables) for 4: me, two sisters, mom. I put a little drop of barbeque sauce in the center, on a whim, in addition to their dressing in the salad. They ate it! I've only done it maybe twice since then. Raisins! I like to put raisins in mixed-greens type salads because they add some chewiness to them. And I love sugar, so that little sweetness is good, too. Iceberg lettuce, spinach, tomato, thin-skinned carrots & celery, a few crushed croutons, raisins. Maybe cheese as an ingredient or garnish. Try lemon or lime juice by itself as a dressing! Adds moisture without all those pesky calories, fats, sugar, and sodium in packaged dressings.	203585	r/CasualConversation	196591
2023-09-19	Maybe I'm too generous but I've always thought of a retirement track for Congressmen who wish to stay for the long haul. * Under the rules of their party caucus, one must vacate all party and committee leadership posts at the first Congress after they turn 65. They then assume backbencher status as ""elder statesmen"". * All Congressmen and Senators must retire at the end of their current term if they turn 70 within 365 days of 1 November (exact date since federal elections are held on the Tuesday after the first Monday of October) of their election year. * A Congressman or Senator may apply to seek one more term, with two officially-submitted letters of support from their chamber's leader (either the Speaker or President pro tempore) and their state governor. Said support should then be certified by a supermajority of their chamber, and then given final *pro forma* approval by the FEC. * Only then can the Congressman or Senator run for re-election, and may not run again for Congress, and is prohibited from seeking another elected federal office, meaning President or Vice President. That means exchanging your final term for a chance at higher office. * The hard cap for retirement will then be 73 for the House, and 77 for the Senate.	142822	r/PoliticalDiscussion	404349
2023-11-16	...Was that what that scene was? I thought they gave the dog laxatives so it'd poop?	243814	r/CasualConversation	235572
2023-10-30	Nah. But ice cream melts when outside the freezer, right? Sorry, english is not my first language	204728	r/CasualConversation	197695
2023-10-30	real and most of them would force you to talk about politics even tho youâ€™re not interested	205559	r/CasualConversation	198488
2023-08-29	I love how its a guy who gets drugged and its all ""sux to be you loser LOL!""   If it were a woman there would support and guidance. Dude you were drugged. If you can, cancel your credit card. To deal with the anxiety, it was probably a one time event. She keeps an eye out for men stumbling drunkenly by themselves and she and the bar score $500 for the night. Stick to the bars you frequent and trust, don't go to new ones. Plan ahead. Of course if you decide to enjoy you ""night"" at 3:30am in the morning you probably are overriding your plans.	50200	r/CasualConversation	48286
2023-09-10	Banning things doesn't stop them. We see it with drugs still to this day. We saw it with alcohol in the 1920s. All banning drugs has done is lead to a rise in crime, drug rings, cartels, etc. And the ban on alcohol just lead to increased organized crime, speakeasys, etc. Personally, I think the anti-abortion crowd will lose steam once all the silents and boomers have passed away. Generally speaking, they tend to be more conservative and more religious, both are which are generally aligned with anti-abortion views. Younger folks like millennials and zoomers tend to be more left leaning and pro-choice, generally speaking. Are there exceptions to both of these? Yes, of course, but I'm just speaking in general terms.	131159	r/PoliticalDiscussion	394341
2023-08-17	Shower dailyâ€¦ but washing my hairâ€¦ thatâ€™s a different story. USA here	25343	r/CasualConversation	24494
2023-09-14	Pffft. Not sneaky enough apparently. XD	93186	r/CasualConversation	89912
2023-10-05	ya know i've never actually seen Omar say anthing anti-semetic about jewish people. every quote ive seen is her being critical of israel and US-Israel relations, which IMO is valid if unwise politically.    what am i missing? what has she said about jewish people?	46299	r/PoliticalDiscussion	321122
2023-08-12	I'm unaware of that. Could you provide an example?	105396	r/PoliticalDiscussion	372361
2023-11-04	I'm a verbal jackhammer.  If we're in an argument and I've had enough of your BS,  I won't stop until I've hammered you into a million pieces.	215890	r/CasualConversation	208495
2023-08-29	Happy birthday	49959	r/CasualConversation	48082
2023-09-03	Oops, just read the typo. :P	62488	r/CasualConversation	60180
2023-10-07	I think he finally fell asleep	151145	r/CasualConversation	146048
2023-10-28	They aren't active in mosul anymore. You can kill your way to that kind of victory. It's gross, but it works if you're trying to stop terrorist attacks from a close neighbor. The US also successfully ended the threat of Al Qaeda in Afghanistan. There haven't been attacks on the US mainland from there ever since.  It's ok to say the costs aren't worth it, but it's wrong to say it's ineffective. If the sole goal is to stop Hamas from terrorizing Israelis, killing them and decimating their infrastructure will work. It'll just also mean killing tens of thousands of civilians.	36185	r/PoliticalDiscussion	312547
2023-11-05	The elections will be on an equal footing and will probably be special, as Republicans and Democrats lose support and know how to be four candidates who will have more than 10%. In my opinion, I am also afraid that 2020 is repeated	89338	r/PoliticalDiscussion	358665
2023-11-08	u/nocturnalhuman92 I wouldnt wait to do this. Talk to them openly and honestly with how youre feeling as soon as possible. Theres no reason to rein it in and wait. This is something that is a great way to gauge their reaction and better see who they are.  If youre telling them that you feel like things are moving so fast and you want time to breathe in the relationship and they flip out, red flag. If they say its ok but then start being pissy and spiteful when you talk, red flag. If they start giving you ultimatums or telling you you dont care about them, red well you get it. Theres so many things to figure out about this person and your relationship that will take time. Sussing out manipulative or shitty behavior is part of getting to know anyone. So take your time, make sure they respect you, and go from there. If they arent nuts, it might be the beginning of something special for you.	227062	r/CasualConversation	219321
2023-10-10	Ah, I was thinking of Nayef https://en.wikipedia.org/wiki/Muhammad_bin_Nayef?wprov=sfti1	1599	r/PoliticalDiscussion	282454
2023-11-24	Hating everything and everyone sounds pretty nice to me. My family hates me. My friends donâ€™t give a fuck about me anymore, havenâ€™t seen them in years. Fuck it. I have every right to become such a person. Every fucking right.	262709	r/CasualConversation	253779
2023-10-31	>Israelis sense of security (and deterrence) is decimated.  Then maybe they shouldn't keep 2 million people in a concentration camp. Maybe they should stop stealing people's property and land. Maybe they should stop all their war crimes. Then the Palestinians might not hate them so much.	41201	r/PoliticalDiscussion	316731
2023-11-01	It is no different than someone who pushes their religion on everyone they meet.  It is not attractive and will have the exact opposite effect they are looking for. Tell this one if he doesn't want to be friends with a meat eater, that's fine.	209150	r/CasualConversation	201938
2023-09-21	54	112487	r/CasualConversation	108724
2023-09-20	â€œBe the changeâ€	112181	r/CasualConversation	108418
2023-11-26	I donâ€™t either. I grew up in either of these situations: 1) a family where finances were scarce so there were no big Christmas displays, hence no gifts 2) alone and struggling financially, so still not able to afford it Now that Iâ€™m an adult, my wife and I both agreed not to make a big show of Christmas as we both give each other thoughtful gestures throughout the year. Itâ€™s a hassle to think of the gift giving for the end of the year. Instead, we may splurge on a nice vacation.	268186	r/CasualConversation	259083
2023-08-09	Honestly if California went independent, it's open question as to how many of the western states would go with them given the economic and cultural ties.	129258	r/PoliticalDiscussion	392730
2023-11-09	21 M Im basically at the your opposite point. My relationship with my sister is TERRIBLE and I am not seeking any improvment as I am my own person with my own problems. There is only so much you can do, like reaching out your hand and at sometime you have to think for yourself and move on. Everyone is their own person if they are contempt with their life why make it your problem when it very well is their problem that they have to fix. Again, reaching out a hand, nothing more you can do.  A good example is ""loosing contact with your mother"" - First of all, it doesnt sound at all like thats going to be the case and second of all.. your mom will probably be happy. I couldn't tell you one parent that would be sad about leaving the nest and becoming their own person. Nothing is as sad and definite as you may think it is	227125	r/CasualConversation	219384
2023-08-10	Well you still asked quickly imo. I could not ask untill 21 years old haha!	9296	r/CasualConversation	9009
2023-09-03	their brains aren't fully formed, so they can't fathom being able to enjoy something without someone telling them how to feel about it.	63318	r/CasualConversation	60972
2023-11-18	What about volunteering to do repairs, or teaching people these things?	250056	r/CasualConversation	241605
2023-10-07	I could see this except for the fact that they have to pass a budget next month. That simply won't happen with Jordan.	47534	r/PoliticalDiscussion	322237
2023-11-14	> There are lobbying firms, that shouldn't be legal. Let's start with that. What you're saying is that advocacy must only happen at the individual level. Groups of people who may find they don't have the time or expertise to be effective advocates cannot hire someone to advocate on their behalf; they're just out of luck. And organizations with expertise on topics must also refrain from providing their opinions to lawmakers.	60643	r/PoliticalDiscussion	333630
2023-11-20	Yall need to learn to be lazy	253971	r/CasualConversation	245335
2023-08-23	The Republican Party IS CURRENTLY STRONG.  It has a lock on the Supreme Court, numerous stage legislatures, the Senate, the Electoral College - what the fuck does this even mean? Your quotes below would more accurately describe a MODERATE Republican Party, but she always always ALWAYS uses the word ""strong"". Regardless, Pelosi would rather see the GOP win than the left flank of her own party.	114451	r/PoliticalDiscussion	380102
2023-09-20	Especially not union workers.	145178	r/PoliticalDiscussion	406314
2023-09-12	That's not really an accurate reflection of the timeline Teddy took over after McKinley was assassinated in 1901 and served the final 3.5 years of McKinley's term. He was then reelected in 1904 and served a full 4 year term In 1908, he chose not to run again out of a desire to keep to the 2 term precedent that had held since Washington (Roosevelt had also pledged not to run for a third term during the 1904 election) and instead backed Taft (a friend for the last 20 years and his Secretary of War) as his handpicked successor. By 1912 however, his falling out with Taft and the schism in the Republican party led him to decide to run again	133470	r/PoliticalDiscussion	396430
2023-10-29	How did you vet Obama	37172	r/PoliticalDiscussion	313295
2023-10-23	I love stories like this.	189347	r/CasualConversation	182893
2023-10-22	Was guiding some interns through a project that I was managing, and when they asked when the project manager would arrive I told them I was the one who let them into the building just then. Apparently they all had to process that for a second, and when I asked what was wrong, they told me they hadnâ€™t estimated me much older than they were, and thought I was another intern.   Cute. They were in their early twenties, I was turning thirty five in a few months.	188090	r/CasualConversation	181711
2023-11-14	The first one is the only real reason you're not getting hired, I bet.. And it's not because you're honest. It's because you're habitually late, lol.	240690	r/CasualConversation	232553
2023-10-05	Trans issues arenâ€™t exclusively about trans people themselves. If the were - nobody would care.  I donâ€™t care if you identify as a Jedi Master. I really donâ€™t. Conservatives donâ€™t either. But Iâ€™d be pretty pissed off if you forced me to wear a sign with the rank I hold in the Jedi Order. Where does *my* freedom start and yours end? I donâ€™t want to pick a pronoun. I may not be cool with drag queens reading books to kids. I may not be cool with my daughter sharing a bathroom with a 40-year-old trans woman. I may not agree that you can be gender-fluid and that gender is a made up construct. I may be ok with *you* believing that but I may not be ok with you trying to force *me* to believe that.  Not because itâ€™s wrong, necessarily. Itâ€™s just too much and too soon.  Some of these concepts - male and female - are *thousands* of years of societal norms and traditions. Some of them are even baked into religious dogma.  You donâ€™t just get to pretend those donâ€™t exist and insult the billions of people who still hold them dear and then act surprised thereâ€™s backlash.  Go ahead and tell a devout Muslim that a guy decided he was a girl now and so gets to pray with the women now and not the men at the mosque. Let me know how it goes. But actually donâ€™t because they stone you for less.  Iâ€™m pro-trans rights because itâ€™s just the right thing. But I definitely donâ€™t agree with how itâ€™s being *pushed* - thereâ€™s no room for debate, no room for concern, no room for discussion. Humans donâ€™t work like that. They need to be heard and their fears addressed.  Ignore the fears, ignore the concerns, make fun of them, and theyâ€™ll just get them addressed by Charlie Kirk and Steven Crowder and Tim Poole. No biggie I guess.	45953	r/PoliticalDiscussion	320947
2023-08-15	Correct.  It will be asymmetric, and bloody as hell.	107029	r/PoliticalDiscussion	373754
2023-09-21	> And some historians argue that gun rights are race motivated. One research paper found that the larger the percentage of enslaved people a U.S. county had in 1860, the higher the rate of gun ownership its residents have today.  Ownership statistics aren't as cut and dried as the rights side of things. The answer to ""some people didn't have these rights before"" shouldn't be ""so now nobody gets rights,"" it should be ""everybody has the same rights."" > Why is it that Americans think guns will keep them safe? Personally? Because I know the police have no responsibility to protect anybody. They can literally barricade themselves behind a door while you're being stabbed *by the subject of an active manhunt*. https://radiolab.org/podcast/no-special-duty Is there racially-motivated fear out there? Sure, given our history of race relations you'd have to be stupid to argue otherwise. But is it the *only* or even *majority* reason? Absolutely not (unless you get into ripple effects - the Rodney King riots and ""roof Koreans"" are usually brought up in discussions, but is that a ""race"" thing or a ""civil disorder"" thing? Riots during BLM protests likewise - do you think armed black business owners are because of racism, or not wanting to see their stores looted by opportunists and anarchists?)	146209	r/PoliticalDiscussion	407176
2023-08-16	I disagree, he must be severely punished to set a precedent and to deter future similar behaviour. He came very close to succeeding on 6/Jan/21, the mob could have easily killed multiple politicians, and I dread to think what would have happened, long term.	108246	r/PoliticalDiscussion	374803
2023-08-18	The outsider will never know. All they see are your good actions. So what is better is what sits well with your own payche.	28708	r/CasualConversation	27752
2023-10-21	Yesterday in the Walmart parking lot I saw a lifted truck with a sticker in the bottom left corner of the rear window saying ""Fuck your masks and vaccine"" and in the right bottom corner was another sticker that said ""In Loving Memory - Tracy - 1963-2021.""  Gotta say,  I really want to know what happened to Tracy.	185772	r/CasualConversation	179483
2023-11-17	How do you handle accidents that happen on the job, like if youâ€™re hit or you hit someone?	246762	r/CasualConversation	238385
2023-09-09	Youâ€™re dodging the question. Answer it. Is Palestine a state? You canâ€™t be at war with a territory you occupy.	167364	r/PoliticalDiscussion	425348
2023-10-11	r/calvinandhobbes	162514	r/CasualConversation	157087
2023-09-02	Pretty sure most conservatives today would be for the crown in 1776	144249	r/PoliticalDiscussion	405553
2023-09-28	I really think youâ€™re reading too much into the ðŸ‘	131271	r/CasualConversation	126906
2023-08-27	Encourage him to look it up if he wants to learn those skills (I'm self taught myself). Getting him in sports will be an excellent outlet for hormones as he gets older. Getting him in some auto class or shop class later when he's older will help. When he's old enough to go look at porn assume that's what he's doing any time to l the door is closed. It will save you a very embarrassing encounter.	46042	r/CasualConversation	44336
2023-09-19	Not really, you can always still have private health care providers exist in parallel (see Germany)	142879	r/PoliticalDiscussion	404405
2023-10-20	Just having toured the Capitol recently for donâ€™t see how they practically increase the House, not significantly anyway. There is so much physical structure invested in it being the way it is.	22256	r/PoliticalDiscussion	300454
2023-11-29	A death to a major candidate a month before the election? Or a candidate elect committing a major crime and then the electors change their votes? Or a third party winning enough states to prevent either candidate getting to 270 and then don't the states decide? So you'd still need something to happen to one of the big two candidates	81145	r/PoliticalDiscussion	351388
2023-10-02	Very similar to my studying protocol. I studied until the night before and didnâ€™t look at anything else afterwards. If I donâ€™t know it by that point Iâ€™m not gonna learn it in one night. Iâ€™m better off just calming my nerves in the moments leading up to the test.	141062	r/CasualConversation	136384
2023-10-08	Any foreign power that tries to directly engage will be obliterated by the Ford CSG. I can't even see any that COULD directly aid besides Egypt, Syria, or Lebanon. Egypt is incredibly unlikely. Lebanon and Syria both know they'd be pulverised in short order.	48663	r/PoliticalDiscussion	323172
2023-09-13	> perceived value Makes sense, since for a sizeable group of people, food is simply art	89168	r/CasualConversation	86024
2023-08-31	I do this when Iâ€™m at home and I do it when Iâ€™m driving too	54241	r/CasualConversation	52177
2023-11-04	Yep. I was a trash creature straight from the sewers of hell, and I'm surprised I survived to adulthood.	216765	r/CasualConversation	209349
2023-10-22	Planes Trains and Automobiles	187639	r/CasualConversation	181283
2023-12-04	But the bar is much higher than for any VP in recent memory because there's a high chance this VP will become president. The reports that I've read are that she is not doing just fine as VP also, people say she is not competent and difficult to work with, I also don't think she's accomplished anything or contributed to Bidens wins in any way	102260	r/PoliticalDiscussion	369708
2023-12-05	I kean if you want to eat meat again than go slow, maybe buy already prepared stuff? At least i always tend to find the raw form of meat more off putting. So maybe that helps.  But if you find the idea so repulsive why don't you just take iron tablets? They tend to be very common and easily accessible since especially more woman tend to have low iron levels.	289868	r/CasualConversation	279984
2023-10-05	I am a US Citizen, I lived in Germany for two years a ways back. It is vastly easier to immigrate here than there.	45323	r/PoliticalDiscussion	320324
2023-12-04	Maybe read this: https://www.reddit.com/u/Professional-Goat964/s/iZbWwGIQh6	288414	r/CasualConversation	278583
2023-09-08	Hearts of palm. They got so hyped up on TikTok but the texture and taste was not it for me	73479	r/CasualConversation	70744
2023-12-02	But what evidence can we look at that Nikki's leadership would propel this country forward? Would her politics vanish when she left office?	99836	r/PoliticalDiscussion	367654
2023-11-15	Goals are a product of time. Hard work takes significantly longer than smart work. Both can be used. In the age of technology and information, yes hard work is overrated	241692	r/CasualConversation	233516
2023-10-18	Someone just discovered Reddit	178259	r/CasualConversation	172255
2023-08-31	Only thing I don't wash before or a good time after purchasing are jeans. I really put them through the ringer (no pun intended) before they get hand washed in cold water. Not sure if that's strange, but it's how I was raised. I was told,  ""ya gotta break em in, put em ta' work, give em some life before you can clean em up son"". On the other hand, I wash my drawls twice before I put em on once.	54948	r/CasualConversation	52884
2023-10-27	According to international lease most countries shouldn't exist then. Almost all land was taken from someone else by force. By this logic the US shouldn't exist after all the colonists stole land from the natives by force. As for Israel and Palestine I think of it more as Jews returning to their historical homeland. The Israelites were forced out or into submission by Rome and the Philistines were allowed control, then Arabs invaded and co-opted the Philistines and changed the name to Palestine. So when you get down to it the Palestinians were invaders too.  No one is a good guy, the winner will have the strongest military.	32994	r/PoliticalDiscussion	309659
2023-08-19	Divisiveness? *Iâ€™m* being divisive? Youâ€™re saying people being gay or trans isnâ€™t okay! Youâ€™re worried about people turning towards fascism? Me *existing* isnâ€™t responsible for them no more than the Jews were responsible for the Nazis. And just like the Jews, and all of the other victims, *appeasement* will not *work* to arrest the movement of fascism in this country. Your defense of their â€˜choicesâ€™ to turn towards hate, your hand-wringing concern, is possibly the greatest boon the fascists could have. Youâ€™re not even challenging the beliefs that would *drive* them towards fascism! How the hell do you expect to win through appeasement alone? You can hee-haw all you want about democracy being under threat, but the future you fear was and in many places is the reality for us. Our own existence being shuttered to appease crypto-fascists is not and will *never* be on the table, and you have no damn right to act high and mighty about us wanting to live as who we are, or as is often the case, to live period.	111366	r/PoliticalDiscussion	377509
2023-09-20	Everyone meaning ADHD community, or are you around students who are abusing it? I know it can be so hard to function without medication. You could ask your doctor if there are other options that work for you besides Adderall. I will say as someone who used to be wary of taking psychiatric medication, thinking I'd be dependent or whatever, it didn't turn out like that. When you really need the meds, it's not going to ""enhance"" anything, it really just helps you function on the better end of your normal range more consistently.	109028	r/CasualConversation	105344
2023-10-16	What do you think would happen to North Korea if they started raining down missiles on South Korea?	14513	r/PoliticalDiscussion	293826
2023-11-13	I felt the same way during my first time. Then afterwards, you settle into a comfortable routine of exercises. Just be careful when someone's recording themselves or others.	237428	r/CasualConversation	229369
2023-10-09	I dont think I'm overstating. I'm in line with polls. Most polls put palestinian support for armed resistance at 50 to 70%. Here's a poll to that affect.  (https://www.newarab.com/news/amid-israeli-violence-palestinians-back-armed-resistance) Also Palestinians aren't even relatively poor. You're just uninformed.  Fun fact palestine has a higher NDI than non-apartheid South Africa. It also has beats South Africa in most metrics. Here's the list by human development indexes.  https://www.theglobaleconomy.com/rankings/human_development/ The living conditions of them are in line with Levant arab countries neighboring them, ie above Lebanon but below Jordan.	50654	r/PoliticalDiscussion	324952
2023-08-12	I think for Florida the state will just bail out (at least the rich) property owners, and Republicans will just not talk about it, and certainly won't be outraged about it.  It generally isn't considered 'socialism' when the money is going to Republican voters.	105374	r/PoliticalDiscussion	372339
2023-09-13	Hello bus driver! What generally makes a bus late?	89687	r/CasualConversation	86543
2023-10-03	Iâ€™ve lived in Atlanta for 3 years and I still donâ€™t get what people mean by southern hospitality	39171	r/PoliticalDiscussion	315071
2023-11-05	The Western world prefers democrats because they are pro-democracy and freedom, they are better trade partners, and they hold themselves to a higher moral standard. The autocratic world prefers Republicans because they are similarly self serving, morally ambivalent and committed to the obtaining and keeping of power for its own sake.	89314	r/PoliticalDiscussion	358641
2023-10-05	The Democrats are a functioning political party, the GOP is not. The democrats bicker and fight but when it comes time to vote, they all immediately fall in line and vote along party lines. The GOP, is not capable of enforcing a straight party agenda without having a large majority because of small sects like the freedom caucus.	45783	r/PoliticalDiscussion	320777
2023-10-30	'sexy sheet ghost'	203524	r/CasualConversation	196530
2023-09-10	Cuba was independent for decades before Fidel took power.  Ho Chi Minh was a communist for decades prior to the Vietnam War. Of course he wasn't going to get US aid.	131198	r/PoliticalDiscussion	394380
2023-09-07	Ccdffd	70527	r/CasualConversation	67875
2023-08-30	I have the exact same problem right now, though for me the problem seems mostly that me and my friends (4 of em) just have different definitions of vacation so to speak. We're currently in Croatia, been here since Thursday last week and the first 4 days were fun. We went to some cities and did some activities and that was all fun and dandy but i really like my personal space and time so in the evening i like to just chill by myself but they kept wanting to play drinking games and go out to bars nd shit. Me being the people pleaser i am i went with them even though i didnt want to.  Now we're here till Friday and currently they all wanted to go to a hardcore festival. We all got tickets for Monday Tuesday and Wednesday. I'm not a big enjoyer of hardcore, im closer to a hater than a lover but i still went with them to give it a try. In hindsight it was the worst decision. The tickets were pretty expensive and i absolutely do not enjoy the music. I left early on Monday and didnt go on Tuesday and probably will not go today either as it just makes me depressed being there. I prefer taking my vacations relaxed and going with the flow from day to day and see what i want to do. I also love just staying a day at home just listening to some music and reading a book or something. In the end i don't really think I'll go on another vacation with them purely because we are so different in what we want to do	52214	r/CasualConversation	50246
2023-09-01	That must have been pretty relieving to hear from the hygienist you had. I feel like Iâ€™m going to be the same way when I get in the chair by over apologizing for how gross my teeth are going to look when the hygienists have seen way worse. I just hope I survive thru the cleaning ðŸ˜±	57949	r/CasualConversation	55810
2023-11-25	I didn't coin it but I use it frequently.  So very apropos.	76301	r/PoliticalDiscussion	347250
2023-09-11	I don't argue if that's true later down the timeline. But the initial topic was about how many separatists were there before 2014 and major Russian operations in Donbas.  I don't doubt that there were Ukrainians who would agree to do some dirty work for Russians for money, but actual separatists seem very unlikely to me.	132097	r/PoliticalDiscussion	395162
2023-10-10	If she bought you flowers, that would be really nice too. Bet you'd like them. ;)	158789	r/CasualConversation	153464
2023-10-21	You're right, I just was confused and began doubting myself since I've only just began going on dates since over a year ago	185810	r/CasualConversation	179521
2023-11-25	So basically we're not getting enough sun?	266661	r/CasualConversation	257633
2023-11-26	I think anyone you can have fun with is a good person to bring. I went platonically with an old co worker and we had the best night. Nobody asked questions, because nobody really cared! The day wasnâ€™t about us.	268369	r/CasualConversation	259266
2023-11-15	the gulf war was in fact not fought in the gulf of mexico	243746	r/CasualConversation	235504
2023-10-08	I keep remembering that I own one when I see it in the pantry where it collects dust. Cannot remember the last time I actually used it but the problem was always that it was barely faster than just using the oven and has MUCH smaller capacity than said oven.	153304	r/CasualConversation	148135
2023-10-14	Israel removed all Jewish settlements from Gaza in 2005.	8561	r/PoliticalDiscussion	288520
2023-10-15	Our government would be a shell of what it currently is and we'd have authotarianism rise around the world uncontested.  Trump was regularly buddy buddy with the global dictators.  We'd also probably have death squads that were ""legitimized"" by the federal services.	11600	r/PoliticalDiscussion	291232
2023-11-15	The beautiful thing about parenthood is that now you get to create that nostalgia for your children. You get to be that parent or that grandparent hosting the family get togethers and creating new memories for their future.	243125	r/CasualConversation	234919
2023-09-07	It really wasn't bad, we had no complaints. If we wanted to go to the movies or go out, he would give us some money to go out. It would be around $20. If we were going out, but not anywhere that we had to pay for, he made sure we had some cash on us, just in case. If we wanted something, like when I wanted a new boom box, and Christmas and my birthday wasn't close, we could do extra chores to earn it. Even without an allowance, we did learn how to earn things.	71658	r/CasualConversation	68971
2023-09-12	Yeah, no. See opinion polls about Obama before 2012. People saying he should only serve 1 term.	133722	r/PoliticalDiscussion	396682
2023-10-10	With the fat burgers things get a little awkward I'm thinking.	159844	r/CasualConversation	154513
2023-09-15	It comes in a jar, and is orange and easily spreadable. You could heat it up and use as a synthetic cheese sauce.	95515	r/CasualConversation	92168
2023-09-25	Itâ€™s Not a revision of history, it is our history. colonists were not responding to a tax increase. They were responding to the Tea Act of 1773, which granted a tea monopoly in the colonies to the well-connected East India Company. Merchants based in the Americas would be shut out of the market.	151426	r/PoliticalDiscussion	411593
2023-09-11	Russia wasn't time bomb â€“ it's very popular mistake, even in Russia itself, but it's incorrect.  Imperial rule was quite stable, despite WW1, but biggest problem was Emperor himself â€“ he just don't want to fight against his own peoples and then leads liberals take rule â€“ they were major opposition during this time, not communist. He can do many thing â€“ even during Civil War monarchists were large part of White Movement, but he done nothing.  After February Revolution, new Provisional Government do nothing necessary, but fight each other for rule â€“ at same time, communist make their own political programm and then become more and more popular. This lead to October Revolution and then to Civil War â€“ and to Tsar and his family death.	132345	r/PoliticalDiscussion	395401
2023-08-22	Just so great! Thank you for sharing!	36941	r/CasualConversation	35643
2023-11-12	Lolâ€¦even if this was true(which it isnâ€™t), good Lordâ€¦.fear mongering has been the entire GOP strategy since Obama.	57901	r/PoliticalDiscussion	331263
2023-09-30	Most bars have mocktail menus now and non alcoholic beers. Fair warning: NA beers have a crap ton of carbs. You shouldnâ€™t feel obligated to order those either. Just have fun with your girls and donâ€™t worry about it.	136403	r/CasualConversation	131897
2023-08-17	My favourite thing about myself is that I'm probably the best looking 3/10 a person could meet. My worst thing is,  no one will ever see me as I don't socialise.	24948	r/CasualConversation	24099
2023-09-18	Of course I have an intense emotional attachment. You're talking about rebuilding an involuntary, non-criminal prison system that people like me can be put in without their own consent or a criminal trial. Having family and resources isn't an advantage for people like me after people like you build this system, it's a downside. The previous version of this system was **full** of people like me whose families put them into that system because they didn't want to deal with their mentally ill family members any longer. That's not a valid reason to lock people up indefinitely. If you want to be allowed to put people in jail, we have a system for that - you need to criminalize being homeless in public, and then you need to arrest, try, and convict the homeless people for their crime, and then you can put them in jail. This is the same process we use for alcoholics having mental breaks in public. There is no reason that mentally ill people deserve less protection from you than alcoholic people get. You are cloaking your horrible dehumanization of people like me in a shroud of fake empathy, acting like shielding these homeless people from criminal trials even though you plan to abduct them and lock them into a facility is a kindness - it's not.  Mentally ill people deserve just as much protection as alcoholics and other sane but fucked up people get, which means if you want to put them in jail, you need to criminalize the thing you want them to stop doing and then you need to go through the same process with them that everyone else has to go through. We deserve a trial the same way your alcoholic does before you should be allowed to put us in prison. But the reality is you already know there's no political will for jailing that many homeless people - so instead you present the same solution, but pretend it's fundamentally different in some way from jail, even though the last time we did this, it absolutely just was ""jail, but even less oversight and no appeals process"".	141500	r/PoliticalDiscussion	403266
